<code_scheme name="Default" version="173">
  <Python>
    <option name="NEW_LINE_AFTER_COLON" value="true" />
    <option name="DICT_NEW_LINE_AFTER_LEFT_BRACE" value="true" />
    <option name="DICT_NEW_LINE_BEFORE_RIGHT_BRACE" value="true" />
    <option name="OPTIMIZE_IMPORTS_SORT_NAMES_IN_FROM_IMPORTS" value="true" />
    <option name="OPTIMIZE_IMPORTS_JOIN_FROM_IMPORTS_WITH_SAME_SOURCE" value="true" />
    <option name="FROM_IMPORT_NEW_LINE_AFTER_LEFT_PARENTHESIS" value="true" />
    <option name="FROM_IMPORT_NEW_LINE_BEFORE_RIGHT_PARENTHESIS" value="true" />
    <option name="FROM_IMPORT_PARENTHESES_FORCE_IF_MULTILINE" value="true" />
  </Python>
</code_scheme>