<application>
  <component name="CodeInsightSettings">
    <option name="completionCaseSensitive" value="2" />
    <option name="COMPLETION_CASE_SENSITIVE" value="2" />
    <option name="REFORMAT_ON_PASTE" value="1" />
    <option name="INDENT_TO_CARET_ON_PASTE" value="true" />
  </component>
  <component name="CodeVisionSettings">
    <option name="codeVisionGroupToPosition">
      <map>
        <entry key="vcs.code.vision" value="Default" />
      </map>
    </option>
    <option name="disabledCodeVisionProviderIds">
      <set>
        <option value="vcs.code.vision" />
      </set>
    </option>
    <option name="enabled" value="false" />
  </component>
  <component name="DeclarativeInlayHintsSettings">
    <option name="providerIdToEnabled">
      <map>
        <entry key="java.implicit.types" value="false" />
        <entry key="java.method.chains" value="true" />
        <entry key="js.chain.hints" value="true" />
        <entry key="js.type.hints" value="true" />
        <entry key="qodana.yaml.inspection.descriptions" value="true" />
        <entry key="ts.chain.hints" value="true" />
        <entry key="ts.enum.hints" value="true" />
        <entry key="ts.type.hints" value="true" />
      </map>
    </option>
  </component>
  <component name="InlayHintsSettings">
    <option name="lastViewedProviderKeyId" value="" />
  </component>
  <component name="TodoConfiguration">
    <pattern pattern="\btodo\b.*" />
    <pattern pattern="\bfixme\b.*" />
  </component>
</application>