<application>
  <component name="FileTypeManager" version="18">
    <ignoreFiles list="*$py.class;*.pyc;*.pyo;*.rbc;*.yarb;*~;.DS_Store;.git;.hg;.svn;CVS;__pycache__;_svn;vssver.scc;vssver2.scc" />
    <extensionMap>
      <mapping pattern="Add" type="AUTO_DETECTED" />
      <mapping pattern="mypy" type="AUTO_DETECTED" />
      <mapping pattern="Dockerfile_old" type="AUTO_DETECTED" />
      <mapping pattern="docker-compose-yml" type="AUTO_DETECTED" />
      <mapping pattern="LICENSE" type="AUTO_DETECTED" />
      <mapping pattern="Dockerfile5" type="AUTO_DETECTED" />
      <mapping pattern="packages" type="AUTO_DETECTED" />
      <mapping pattern="config" type="AUTO_DETECTED" />
      <mapping ext="action" type="AUTO_DETECTED" />
      <mapping pattern="PointClouds" type="PLAIN_TEXT" />
      <mapping pattern=".asoundrc" type="PLAIN_TEXT" />
      <mapping pattern="ros_mypy" type="PLAIN_TEXT" />
      <mapping pattern=".bash_aliases_simulator" type="PLAIN_TEXT" />
      <mapping pattern="test2" type="PLAIN_TEXT" />
      <mapping ext="msg" type="PLAIN_TEXT" />
      <mapping pattern=".additional_bashrc" type="Shell Script" />
      <removed_mapping ext="apk" approved="true" type="ARCHIVE" />
      <removed_mapping ext="dockerignore" approved="true" type="DockerIgnore file" />
      <removed_mapping ext="ignore" approved="true" type="IgnoreLang file" />
      <removed_mapping ext="psd" approved="true" type="Image" />
      <removed_mapping ext="txt" approved="true" type="PLAIN_TEXT" />
      <removed_mapping ext="yaml" approved="true" type="YAML" />
      <removed_mapping ext="yml" approved="true" type="YAML" />
      <removed_mapping pattern=".prettierrc" approved="true" type="JSON" />
    </extensionMap>
  </component>
</application>