<application>
  <component name="LafManager" autodetect="false">
    <laf class-name="com.intellij.ide.ui.laf.darcula.DarculaLaf" />
    <lafs-to-previous-schemes>
      <laf-to-scheme laf="Darcula" scheme="Darkest Dark" />
      <laf-to-scheme laf="Dark" scheme="Darkest Dark" />
      <laf-to-scheme laf="High contrast" scheme="_@user_Dark" />
      <laf-to-scheme laf="IntelliJ Light" scheme="_@user_Default" />
      <laf-to-scheme laf="One Dark" scheme="Darkest Dark" />
      <laf-to-scheme laf="One Dark Vivid Italic" scheme="Darkest Dark" />
    </lafs-to-previous-schemes>
  </component>
</application>