<keymap version="1" name="Default for XWin copy" parent="Default for XWin">
  <action id="Back">
    <keyboard-shortcut first-keystroke="ctrl alt left" />
    <mouse-shortcut keystroke="button4" />
    <keyboard-shortcut first-keystroke="alt left" />
  </action>
  <action id="Diff.NextChange" />
  <action id="Diff.PrevChange" />
  <action id="Forward">
    <keyboard-shortcut first-keystroke="ctrl alt right" />
    <mouse-shortcut keystroke="button5" />
    <keyboard-shortcut first-keystroke="alt right" />
  </action>
  <action id="Generate.Missing.Members.ES6" />
  <action id="Generate.Missing.Members.TypeScript" />
  <action id="ImplementMethods" />
  <action id="NextTab" />
  <action id="PreviousTab" />
  <action id="ReformatCode">
    <keyboard-shortcut first-keystroke="ctrl alt l" />
    <keyboard-shortcut first-keystroke="ctrl i" />
  </action>
  <action id="UsageFiltering.Imports" />
  <action id="org.intellij.plugins.markdown.ui.actions.styling.ToggleItalicAction" />
</keymap>