<profile version="1.0">
  <option name="myName" value="Default" />
  <inspection_tool class="ComposeMissingKeys" enabled="true" level="ERROR" enabled_by_default="true" />
  <inspection_tool class="DuplicatedCode" enabled="false" level="WEAK WARNING" enabled_by_default="false" />
  <inspection_tool class="Eslint" enabled="true" level="WARNING" enabled_by_default="true" />
  <inspection_tool class="InconsistentLineSeparators" enabled="true" level="WARNING" enabled_by_default="true" />
  <inspection_tool class="LongLine" enabled="true" level="WARNING" enabled_by_default="true" />
  <inspection_tool class="ProblematicWhitespace" enabled="true" level="WARNING" enabled_by_default="true" />
  <inspection_tool class="PyAugmentAssignmentInspection" enabled="true" level="WEAK WARNING" enabled_by_default="true" />
  <inspection_tool class="PyCompatibilityInspection" enabled="true" level="WARNING" enabled_by_default="true">
    <option name="ourVersions">
      <value>
        <list size="1">
          <item index="0" class="java.lang.String" itemvalue="3.11" />
        </list>
      </value>
    </option>
  </inspection_tool>
  <inspection_tool class="PyDocstringTypesInspection" enabled="true" level="ERROR" enabled_by_default="true" />
  <inspection_tool class="PyFinalInspection" enabled="true" level="ERROR" enabled_by_default="true" />
  <inspection_tool class="PyIncorrectDocstringInspection" enabled="true" level="WARNING" enabled_by_default="true" />
  <inspection_tool class="PyMissingTypeHintsInspection" enabled="true" level="WEAK WARNING" enabled_by_default="true" />
  <inspection_tool class="PyPep8NamingInspection" enabled="true" level="WEAK WARNING" enabled_by_default="true">
    <option name="ignoredErrors">
      <list>
        <option value="N806" />
        <option value="N812" />
      </list>
    </option>
    <option name="ignoreOverriddenFunctions" value="false" />
    <option name="ignoredBaseClasses">
      <list />
    </option>
  </inspection_tool>
  <inspection_tool class="PyTypeCheckerInspection" enabled="true" level="ERROR" enabled_by_default="true" />
  <inspection_tool class="ShellCheck" enabled="true" level="ERROR" enabled_by_default="true">
    <shellcheck_settings value="SC1090,SC2155" />
  </inspection_tool>
  <inspection_tool class="TodoComment" enabled="true" level="WARNING" enabled_by_default="true" />
</profile>